{"cameraMode":{"drawMode":0,"name":"Shaded","section":"Shading Mode"},"sceneLighting":false,"audioPlay":false,"sceneViewState":{"showFog":true,"showMaterialUpdate":false,"showSkybox":false,"showFlares":true,"showImageEffects":true,"showParticleSystems":true},"in2DMode":false,"pivot":{"x":3.556142807006836,"y":0.9613052010536194,"z":2.4712412357330324},"rotation":{"x":0.08537255972623825,"y":-0.023310868069529535,"z":0.0019978764466941358,"w":0.9960746765136719},"size":7.791503429412842,"orthographic":true}