{"cameraMode":{"drawMode":0,"name":"Shaded","section":"Shading Mode"},"sceneLighting":false,"audioPlay":false,"sceneViewState":{"showFog":true,"showMaterialUpdate":false,"showSkybox":false,"showFlares":true,"showImageEffects":true,"showParticleSystems":true},"in2DMode":false,"pivot":{"x":1.5489104986190797,"y":1.3361520767211915,"z":-1.2387940883636475},"rotation":{"x":0.08705335855484009,"y":-0.24775202572345735,"z":0.02235802449285984,"w":0.9646457433700562},"size":10.0,"orthographic":true}