{"cameraMode":{"drawMode":0,"name":"Shaded","section":"Shading Mode"},"sceneLighting":true,"audioPlay":false,"sceneViewState":{"showFog":true,"showMaterialUpdate":false,"showSkybox":true,"showFlares":true,"showImageEffects":true,"showParticleSystems":true},"in2DMode":false,"pivot":{"x":0.02361297607421875,"y":1.1026611328125,"z":-0.1181640625},"rotation":{"x":0.28070688247680666,"y":-0.17440755665302277,"z":0.05195105820894241,"w":0.9423869252204895},"size":5.194700241088867,"orthographic":true}